{"loss": [0.06299769295898752], "acc": [0.11946902654867257]}